Gene,mutation,Cidofovir,Foscarnet,Ganciclovir,Maribavir,Letermovir,Reference
UL54,S290R,,R,,,,https://www.eurofins-viracor.com/media/pgonfbxk/mm-0273-rev8-1121cmv-avr-mutations-references-final.pdf
UL54,D301N,R,,R,,,https://www.eurofins-viracor.com/media/pgonfbxk/mm-0273-rev8-1121cmv-avr-mutations-references-final.pdf
UL54,E303D,R,,R,,,https://www.eurofins-viracor.com/media/pgonfbxk/mm-0273-rev8-1121cmv-avr-mutations-references-final.pdf
UL54,E303G,R,,R,,,https://www.eurofins-viracor.com/media/pgonfbxk/mm-0273-rev8-1121cmv-avr-mutations-references-final.pdf
UL54,M393R,R,R,R,,,https://www.eurofins-viracor.com/media/pgonfbxk/mm-0273-rev8-1121cmv-avr-mutations-references-final.pdf
UL54,M393K,R,R,R,,,https://www.eurofins-viracor.com/media/pgonfbxk/mm-0273-rev8-1121cmv-avr-mutations-references-final.pdf
UL54,N408D,R,,R,,,https://www.eurofins-viracor.com/media/pgonfbxk/mm-0273-rev8-1121cmv-avr-mutations-references-final.pdf
UL54,N408K,R,,R,,,https://www.eurofins-viracor.com/media/pgonfbxk/mm-0273-rev8-1121cmv-avr-mutations-references-final.pdf
UL54,N408S,R,,R,,,https://www.eurofins-viracor.com/media/pgonfbxk/mm-0273-rev8-1121cmv-avr-mutations-references-final.pdf
UL54,N410K,R,,R,,,https://www.eurofins-viracor.com/media/pgonfbxk/mm-0273-rev8-1121cmv-avr-mutations-references-final.pdf
UL54,T419M,,R,,,,https://www.eurofins-viracor.com/media/pgonfbxk/mm-0273-rev8-1121cmv-avr-mutations-references-final.pdf
UL54,F412C,R,,R,,,https://www.eurofins-viracor.com/media/pgonfbxk/mm-0273-rev8-1121cmv-avr-mutations-references-final.pdf
UL54,F412L,R,,R,,,https://www.eurofins-viracor.com/media/pgonfbxk/mm-0273-rev8-1121cmv-avr-mutations-references-final.pdf
UL54,F412S,R,,R,,,https://www.eurofins-viracor.com/media/pgonfbxk/mm-0273-rev8-1121cmv-avr-mutations-references-final.pdf
UL54,F412V,R,,R,,,https://www.eurofins-viracor.com/media/pgonfbxk/mm-0273-rev8-1121cmv-avr-mutations-references-final.pdf
UL54,D413A,R,,R,,,https://www.eurofins-viracor.com/media/pgonfbxk/mm-0273-rev8-1121cmv-avr-mutations-references-final.pdf
UL54,D413E,R,,R,,,https://www.eurofins-viracor.com/media/pgonfbxk/mm-0273-rev8-1121cmv-avr-mutations-references-final.pdf
UL54,D413N,R,,R,,,https://www.eurofins-viracor.com/media/pgonfbxk/mm-0273-rev8-1121cmv-avr-mutations-references-final.pdf
UL54,D413Y,R,,R,,,https://www.eurofins-viracor.com/media/pgonfbxk/mm-0273-rev8-1121cmv-avr-mutations-references-final.pdf
UL54,P488R,R,,R,,,https://www.eurofins-viracor.com/media/pgonfbxk/mm-0273-rev8-1121cmv-avr-mutations-references-final.pdf
UL54,K493N,R,R,R,,,https://www.eurofins-viracor.com/media/pgonfbxk/mm-0273-rev8-1121cmv-avr-mutations-references-final.pdf
UL54,N495K,,R,,,,https://www.eurofins-viracor.com/media/pgonfbxk/mm-0273-rev8-1121cmv-avr-mutations-references-final.pdf
UL54,P497S,R,,,,,https://www.eurofins-viracor.com/media/pgonfbxk/mm-0273-rev8-1121cmv-avr-mutations-references-final.pdf
UL54,K500N,R,,R,,,https://www.eurofins-viracor.com/media/pgonfbxk/mm-0273-rev8-1121cmv-avr-mutations-references-final.pdf
UL54,L501F,R,,R,,,https://www.eurofins-viracor.com/media/pgonfbxk/mm-0273-rev8-1121cmv-avr-mutations-references-final.pdf
UL54,L501I,R,,R,,,https://www.eurofins-viracor.com/media/pgonfbxk/mm-0273-rev8-1121cmv-avr-mutations-references-final.pdf
UL54,T503I,R,,R,,,https://www.eurofins-viracor.com/media/pgonfbxk/mm-0273-rev8-1121cmv-avr-mutations-references-final.pdf
UL54,K513N,R,,R,,,https://www.eurofins-viracor.com/media/pgonfbxk/mm-0273-rev8-1121cmv-avr-mutations-references-final.pdf
UL54,D513E,R,,R,,,https://www.eurofins-viracor.com/media/pgonfbxk/mm-0273-rev8-1121cmv-avr-mutations-references-final.pdf
UL54,K513R,R,,R,,,https://www.eurofins-viracor.com/media/pgonfbxk/mm-0273-rev8-1121cmv-avr-mutations-references-final.pdf
UL54,K513T,R,,R,,,https://www.eurofins-viracor.com/media/pgonfbxk/mm-0273-rev8-1121cmv-avr-mutations-references-final.pdf
UL54,D515E,,,R,,,https://www.eurofins-viracor.com/media/pgonfbxk/mm-0273-rev8-1121cmv-avr-mutations-references-final.pdf
UL54,D515Y,R,,R,,,https://www.eurofins-viracor.com/media/pgonfbxk/mm-0273-rev8-1121cmv-avr-mutations-references-final.pdf
UL54,L516R,R,,R,,,https://www.eurofins-viracor.com/media/pgonfbxk/mm-0273-rev8-1121cmv-avr-mutations-references-final.pdf
UL54,L516W,R,,R,,,https://www.eurofins-viracor.com/media/pgonfbxk/mm-0273-rev8-1121cmv-avr-mutations-references-final.pdf
UL54,I521T,R,,R,,,https://www.eurofins-viracor.com/media/pgonfbxk/mm-0273-rev8-1121cmv-avr-mutations-references-final.pdf
UL54,P522A,R,,R,,,https://www.eurofins-viracor.com/media/pgonfbxk/mm-0273-rev8-1121cmv-avr-mutations-references-final.pdf
UL54,P522S,R,,R,,,https://www.eurofins-viracor.com/media/pgonfbxk/mm-0273-rev8-1121cmv-avr-mutations-references-final.pdf
UL54,del524,R,,R,,,https://www.eurofins-viracor.com/media/pgonfbxk/mm-0273-rev8-1121cmv-avr-mutations-references-final.pdf
UL54,C524fs,R,,R,,,https://www.eurofins-viracor.com/media/pgonfbxk/mm-0273-rev8-1121cmv-avr-mutations-references-final.pdf
UL54,V526L,R,,R,,,https://www.eurofins-viracor.com/media/pgonfbxk/mm-0273-rev8-1121cmv-avr-mutations-references-final.pdf
UL54,C539G,R,,R,,,https://www.eurofins-viracor.com/media/pgonfbxk/mm-0273-rev8-1121cmv-avr-mutations-references-final.pdf
UL54,C539R,R,,R,,,https://www.eurofins-viracor.com/media/pgonfbxk/mm-0273-rev8-1121cmv-avr-mutations-references-final.pdf
UL54,D542E,R,,R,,,https://www.eurofins-viracor.com/media/pgonfbxk/mm-0273-rev8-1121cmv-avr-mutations-references-final.pdf
UL54,A543P,R,,R,,,https://www.eurofins-viracor.com/media/pgonfbxk/mm-0273-rev8-1121cmv-avr-mutations-references-final.pdf
UL54,L545S,R,,R,,,https://www.eurofins-viracor.com/media/pgonfbxk/mm-0273-rev8-1121cmv-avr-mutations-references-final.pdf
UL54,L545W,R,,R,,,https://www.eurofins-viracor.com/media/pgonfbxk/mm-0273-rev8-1121cmv-avr-mutations-references-final.pdf
UL54,T552N,,R,R,,,https://www.eurofins-viracor.com/media/pgonfbxk/mm-0273-rev8-1121cmv-avr-mutations-references-final.pdf
UL54,T552S,R,,R,,,doi: 10.1097/TP.0000000000005374
UL54,L565V,,R,,,,https://www.eurofins-viracor.com/media/pgonfbxk/mm-0273-rev8-1121cmv-avr-mutations-references-final.pdf
UL54,Q578H,R,R,R,,,https://www.eurofins-viracor.com/media/pgonfbxk/mm-0273-rev8-1121cmv-avr-mutations-references-final.pdf
UL54,Q578L,,R,,,,https://www.eurofins-viracor.com/media/pgonfbxk/mm-0273-rev8-1121cmv-avr-mutations-references-final.pdf
UL54,S585A,,R,,,,https://www.eurofins-viracor.com/media/pgonfbxk/mm-0273-rev8-1121cmv-avr-mutations-references-final.pdf
UL54,D588E,,R,,,,https://www.eurofins-viracor.com/media/pgonfbxk/mm-0273-rev8-1121cmv-avr-mutations-references-final.pdf
UL54,D588N,,R,R,,,https://www.eurofins-viracor.com/media/pgonfbxk/mm-0273-rev8-1121cmv-avr-mutations-references-final.pdf
UL54,C590F,,R,,,,doi: 10.1097/TP.0000000000005374
UL54,F595I,,R,,,,https://www.eurofins-viracor.com/media/pgonfbxk/mm-0273-rev8-1121cmv-avr-mutations-references-final.pdf
UL54,H600L,R,R,R,,,doi: 10.1097/TP.0000000000005374
UL54,G678S,,R,R,,,http://www.researchtrends.net/tia/article_pdf.asp?in=0&vn=11&tid=38&aid=5306
UL54,T700A,,R,,,,https://www.eurofins-viracor.com/media/pgonfbxk/mm-0273-rev8-1121cmv-avr-mutations-references-final.pdf
UL54,V715A,,R,,,,https://www.eurofins-viracor.com/media/pgonfbxk/mm-0273-rev8-1121cmv-avr-mutations-references-final.pdf
UL54,V715M,,R,,,,https://www.eurofins-viracor.com/media/pgonfbxk/mm-0273-rev8-1121cmv-avr-mutations-references-final.pdf
UL54,Y722V,R,,R,,,https://www.eurofins-viracor.com/media/pgonfbxk/mm-0273-rev8-1121cmv-avr-mutations-references-final.pdf
UL54,I726T,,,R,,,https://www.eurofins-viracor.com/media/pgonfbxk/mm-0273-rev8-1121cmv-avr-mutations-references-final.pdf
UL54,H729Y,,R,,,,https://www.eurofins-viracor.com/media/pgonfbxk/mm-0273-rev8-1121cmv-avr-mutations-references-final.pdf
UL54,Y751H,R,,R,,,https://www.eurofins-viracor.com/media/pgonfbxk/mm-0273-rev8-1121cmv-avr-mutations-references-final.pdf
UL54,E756K,R or S low,R,R,,,https://www.eurofins-viracor.com/media/pgonfbxk/mm-0273-rev8-1121cmv-avr-mutations-references-final.pdf
UL54,E756D,,R,,,,https://www.eurofins-viracor.com/media/pgonfbxk/mm-0273-rev8-1121cmv-avr-mutations-references-final.pdf
UL54,E756Q,,R,,,,https://www.eurofins-viracor.com/media/pgonfbxk/mm-0273-rev8-1121cmv-avr-mutations-references-final.pdf
UL54,L773V,R,R,R,,,https://www.eurofins-viracor.com/media/pgonfbxk/mm-0273-rev8-1121cmv-avr-mutations-references-final.pdf
UL54,L776M,,R,R,,,https://www.eurofins-viracor.com/media/pgonfbxk/mm-0273-rev8-1121cmv-avr-mutations-references-final.pdf
UL54,V781I,,R,R,,,https://www.eurofins-viracor.com/media/pgonfbxk/mm-0273-rev8-1121cmv-avr-mutations-references-final.pdf
UL54,V787A,,R,R,,,https://www.eurofins-viracor.com/media/pgonfbxk/mm-0273-rev8-1121cmv-avr-mutations-references-final.pdf
UL54,V787I,,R,,,,https://www.eurofins-viracor.com/media/pgonfbxk/mm-0273-rev8-1121cmv-avr-mutations-references-final.pdf
UL54,V787L,,R,R,,,https://www.eurofins-viracor.com/media/pgonfbxk/mm-0273-rev8-1121cmv-avr-mutations-references-final.pdf
UL54,V787E,R,R,R,,,doi: 10.1097/TP.0000000000005374
UL54,L802M,,R,R or S low,,,https://www.eurofins-viracor.com/media/pgonfbxk/mm-0273-rev8-1121cmv-avr-mutations-references-final.pdf
UL54,K805Q,R,,,,,https://www.eurofins-viracor.com/media/pgonfbxk/mm-0273-rev8-1121cmv-avr-mutations-references-final.pdf
UL54,A809V,,R,R,,,https://www.eurofins-viracor.com/media/pgonfbxk/mm-0273-rev8-1121cmv-avr-mutations-references-final.pdf
UL54,V812L,R,R,R,,,https://www.eurofins-viracor.com/media/pgonfbxk/mm-0273-rev8-1121cmv-avr-mutations-references-final.pdf
UL54,T813S,R,R,R,,,https://www.eurofins-viracor.com/media/pgonfbxk/mm-0273-rev8-1121cmv-avr-mutations-references-final.pdf
UL54,T821I,,R,R,,,https://www.eurofins-viracor.com/media/pgonfbxk/mm-0273-rev8-1121cmv-avr-mutations-references-final.pdf
UL54,V823A,R,,R,,,https://www.eurofins-viracor.com/media/pgonfbxk/mm-0273-rev8-1121cmv-avr-mutations-references-final.pdf
UL54,P829S,,,R,,,https://www.eurofins-viracor.com/media/pgonfbxk/mm-0273-rev8-1121cmv-avr-mutations-references-final.pdf
UL54,A834P,R,R,R,,,https://www.eurofins-viracor.com/media/pgonfbxk/mm-0273-rev8-1121cmv-avr-mutations-references-final.pdf
UL54,T838A,,R,,,,https://www.eurofins-viracor.com/media/pgonfbxk/mm-0273-rev8-1121cmv-avr-mutations-references-final.pdf
UL54,G841A,R,R,R,,,https://www.eurofins-viracor.com/media/pgonfbxk/mm-0273-rev8-1121cmv-avr-mutations-references-final.pdf
UL54,G841S,,R,R,,,https://www.eurofins-viracor.com/media/pgonfbxk/mm-0273-rev8-1121cmv-avr-mutations-references-final.pdf
UL54,V946L,,R,,,,https://www.eurofins-viracor.com/media/pgonfbxk/mm-0273-rev8-1121cmv-avr-mutations-references-final.pdf
UL54,E951D,,R,R,,,https://www.eurofins-viracor.com/media/pgonfbxk/mm-0273-rev8-1121cmv-avr-mutations-references-final.pdf
UL54,L957F,,,R,,,https://www.eurofins-viracor.com/media/pgonfbxk/mm-0273-rev8-1121cmv-avr-mutations-references-final.pdf
UL54,del981/982,R,R,R,,,https://www.eurofins-viracor.com/media/pgonfbxk/mm-0273-rev8-1121cmv-avr-mutations-references-final.pdf
UL54,D981_L982del,R,R,R,,,https://www.eurofins-viracor.com/media/pgonfbxk/mm-0273-rev8-1121cmv-avr-mutations-references-final.pdf
UL54,D981fs,R,R,R,,,https://www.eurofins-viracor.com/media/pgonfbxk/mm-0273-rev8-1121cmv-avr-mutations-references-final.pdf
UL54,L982fs,R,R,R,,,https://www.eurofins-viracor.com/media/pgonfbxk/mm-0273-rev8-1121cmv-avr-mutations-references-final.pdf
UL54,A987G,R,,R,,,https://www.eurofins-viracor.com/media/pgonfbxk/mm-0273-rev8-1121cmv-avr-mutations-references-final.pdf
UL54,A987V,,R,,,,https://www.eurofins-viracor.com/media/pgonfbxk/mm-0273-rev8-1121cmv-avr-mutations-references-final.pdf
UL54,E989D,R,R,R,,,https://www.eurofins-viracor.com/media/pgonfbxk/mm-0273-rev8-1121cmv-avr-mutations-references-final.pdf
UL54,N495K+Q783R,,R,R,,,https://www.eurofins-viracor.com/media/pgonfbxk/mm-0273-rev8-1121cmv-avr-mutations-references-final.pdf
UL97,R233S,,,,R,,doi: 10.1097/TP.0000000000005374
UL97,L337M,,,,R,,doi: 10.1097/TP.0000000000005374
UL97,F342S,,,R,R,,https://www.eurofins-viracor.com/media/pgonfbxk/mm-0273-rev8-1121cmv-avr-mutations-references-final.pdf
UL97,F342Y,,,R,R,,https://www.eurofins-viracor.com/media/pgonfbxk/mm-0273-rev8-1121cmv-avr-mutations-references-final.pdf
UL97,V353A,,,,R,,doi: 10.1097/TP.0000000000005374
UL97,V356G,,,R,,,https://www.eurofins-viracor.com/media/pgonfbxk/mm-0273-rev8-1121cmv-avr-mutations-references-final.pdf
UL97,K359E,,,R,,,https://www.eurofins-viracor.com/media/pgonfbxk/mm-0273-rev8-1121cmv-avr-mutations-references-final.pdf
UL97,K359Q,,,R,,,https://www.eurofins-viracor.com/media/pgonfbxk/mm-0273-rev8-1121cmv-avr-mutations-references-final.pdf
UL97,K359N,,,R,,,https://www.eurofins-viracor.com/media/pgonfbxk/mm-0273-rev8-1121cmv-avr-mutations-references-final.pdf
UL97,E362D,,,R,,,https://www.eurofins-viracor.com/media/pgonfbxk/mm-0273-rev8-1121cmv-avr-mutations-references-final.pdf
UL97,L397R,,,R,R,,doi: 10.1097/TP.0000000000005374
UL97,L405P,,,R,,,https://www.eurofins-viracor.com/media/pgonfbxk/mm-0273-rev8-1121cmv-avr-mutations-references-final.pdf
UL97,T409M,,,,R,,https://www.eurofins-viracor.com/media/pgonfbxk/mm-0273-rev8-1121cmv-avr-mutations-references-final.pdf
UL97,H411L,,,,R,,https://www.eurofins-viracor.com/media/pgonfbxk/mm-0273-rev8-1121cmv-avr-mutations-references-final.pdf
UL97,H411N,,,,R,,https://www.eurofins-viracor.com/media/pgonfbxk/mm-0273-rev8-1121cmv-avr-mutations-references-final.pdf
UL97,H411Y,,,,R,,https://www.eurofins-viracor.com/media/pgonfbxk/mm-0273-rev8-1121cmv-avr-mutations-references-final.pdf
UL97,M460I,,,R,,,https://www.eurofins-viracor.com/media/pgonfbxk/mm-0273-rev8-1121cmv-avr-mutations-references-final.pdf
UL97,M460T,,,R,,,https://www.eurofins-viracor.com/media/pgonfbxk/mm-0273-rev8-1121cmv-avr-mutations-references-final.pdf
UL97,M460L,,,R,,,https://www.eurofins-viracor.com/media/pgonfbxk/mm-0273-rev8-1121cmv-avr-mutations-references-final.pdf
UL97,M460V,,,R,,,https://www.eurofins-viracor.com/media/pgonfbxk/mm-0273-rev8-1121cmv-avr-mutations-references-final.pdf
UL97,V466G,,,R,R,,https://www.eurofins-viracor.com/media/pgonfbxk/mm-0273-rev8-1121cmv-avr-mutations-references-final.pdf
UL97,H469Y,,,unk,,,https://doi.org/10.1128/cmr.00009-10
UL97,C480F,,,R,R,,https://www.eurofins-viracor.com/media/pgonfbxk/mm-0273-rev8-1121cmv-avr-mutations-references-final.pdf
UL97,C518Y,,,R,,,https://www.eurofins-viracor.com/media/pgonfbxk/mm-0273-rev8-1121cmv-avr-mutations-references-final.pdf
UL97,H520Q,,,R,,,https://www.eurofins-viracor.com/media/pgonfbxk/mm-0273-rev8-1121cmv-avr-mutations-references-final.pdf
UL97,P521L,,,R,R,,https://www.eurofins-viracor.com/media/pgonfbxk/mm-0273-rev8-1121cmv-avr-mutations-references-final.pdf
UL97,A590T,,,R,,,https://www.eurofins-viracor.com/media/pgonfbxk/mm-0273-rev8-1121cmv-avr-mutations-references-final.pdf
UL97,del590-593,,,R,,,https://www.eurofins-viracor.com/media/pgonfbxk/mm-0273-rev8-1121cmv-avr-mutations-references-final.pdf
UL97,del590-600,,,R,,,https://www.eurofins-viracor.com/media/pgonfbxk/mm-0273-rev8-1121cmv-avr-mutations-references-final.pdf
UL97,del590-603,,,R,,,https://www.eurofins-viracor.com/media/pgonfbxk/mm-0273-rev8-1121cmv-avr-mutations-references-final.pdf
UL97,del591-594,,,R,,,https://www.eurofins-viracor.com/media/pgonfbxk/mm-0273-rev8-1121cmv-avr-mutations-references-final.pdf
UL97,del591-607,,,R,,,https://www.eurofins-viracor.com/media/pgonfbxk/mm-0273-rev8-1121cmv-avr-mutations-references-final.pdf
UL97,A591D,,,R,,,https://www.eurofins-viracor.com/media/pgonfbxk/mm-0273-rev8-1121cmv-avr-mutations-references-final.pdf
UL97,A591V,,,R,,,https://www.eurofins-viracor.com/media/pgonfbxk/mm-0273-rev8-1121cmv-avr-mutations-references-final.pdf
UL97,C592F,,,R,,,https://www.eurofins-viracor.com/media/pgonfbxk/mm-0273-rev8-1121cmv-avr-mutations-references-final.pdf
UL97,C592G,,,R,,,https://www.eurofins-viracor.com/media/pgonfbxk/mm-0273-rev8-1121cmv-avr-mutations-references-final.pdf
UL97,A594E,,,R,,,https://www.eurofins-viracor.com/media/pgonfbxk/mm-0273-rev8-1121cmv-avr-mutations-references-final.pdf
UL97,A594G,,,R,,,https://www.eurofins-viracor.com/media/pgonfbxk/mm-0273-rev8-1121cmv-avr-mutations-references-final.pdf
UL97,A594P,,,R,,,https://www.eurofins-viracor.com/media/pgonfbxk/mm-0273-rev8-1121cmv-avr-mutations-references-final.pdf
UL97,A594T,,,R,,,https://www.eurofins-viracor.com/media/pgonfbxk/mm-0273-rev8-1121cmv-avr-mutations-references-final.pdf
UL97,A594V,,,R,,,https://www.eurofins-viracor.com/media/pgonfbxk/mm-0273-rev8-1121cmv-avr-mutations-references-final.pdf
UL97,A594S,,,R,,,https://www.eurofins-viracor.com/media/pgonfbxk/mm-0273-rev8-1121cmv-avr-mutations-references-final.pdf
UL97,del594-601,,,R,,,https://www.eurofins-viracor.com/media/pgonfbxk/mm-0273-rev8-1121cmv-avr-mutations-references-final.pdf
UL97,L595F,,,R,,,https://www.eurofins-viracor.com/media/pgonfbxk/mm-0273-rev8-1121cmv-avr-mutations-references-final.pdf
UL97,L595S,,,R,,,https://www.eurofins-viracor.com/media/pgonfbxk/mm-0273-rev8-1121cmv-avr-mutations-references-final.pdf
UL97,L595T,,,R,,,https://www.eurofins-viracor.com/media/pgonfbxk/mm-0273-rev8-1121cmv-avr-mutations-references-final.pdf
UL97,L595W,,,R,,,https://www.eurofins-viracor.com/media/pgonfbxk/mm-0273-rev8-1121cmv-avr-mutations-references-final.pdf
UL97,del595,,,R,,,https://www.eurofins-viracor.com/media/pgonfbxk/mm-0273-rev8-1121cmv-avr-mutations-references-final.pdf
UL97,del595-603,,,R,,,https://www.eurofins-viracor.com/media/pgonfbxk/mm-0273-rev8-1121cmv-avr-mutations-references-final.pdf
UL97,del596,,,R,,,https://www.eurofins-viracor.com/media/pgonfbxk/mm-0273-rev8-1121cmv-avr-mutations-references-final.pdf
UL97,E596G,,,R,,,https://www.eurofins-viracor.com/media/pgonfbxk/mm-0273-rev8-1121cmv-avr-mutations-references-final.pdf
UL97,E596Q,,,R,,,doi: 10.1097/TP.0000000000005374
UL97,E596Y,,,R,,,https://www.eurofins-viracor.com/media/pgonfbxk/mm-0273-rev8-1121cmv-avr-mutations-references-final.pdf
UL97,N597I,,,R,,,https://www.eurofins-viracor.com/media/pgonfbxk/mm-0273-rev8-1121cmv-avr-mutations-references-final.pdf
UL97,del597-599,,,R,,,https://www.eurofins-viracor.com/media/pgonfbxk/mm-0273-rev8-1121cmv-avr-mutations-references-final.pdf
UL97,del597-598,,,R,,,https://www.eurofins-viracor.com/media/pgonfbxk/mm-0273-rev8-1121cmv-avr-mutations-references-final.pdf
UL97,del597-603,,,R,,,https://www.eurofins-viracor.com/media/pgonfbxk/mm-0273-rev8-1121cmv-avr-mutations-references-final.pdf
UL97,G598S,,,R,,,https://www.eurofins-viracor.com/media/pgonfbxk/mm-0273-rev8-1121cmv-avr-mutations-references-final.pdf
UL97,G598V,,,R,,,https://www.eurofins-viracor.com/media/pgonfbxk/mm-0273-rev8-1121cmv-avr-mutations-references-final.pdf
UL97,del599,,,R,,,https://www.eurofins-viracor.com/media/pgonfbxk/mm-0273-rev8-1121cmv-avr-mutations-references-final.pdf
UL97,K599M,,,R,,,https://www.eurofins-viracor.com/media/pgonfbxk/mm-0273-rev8-1121cmv-avr-mutations-references-final.pdf
UL97,K599T,,,R,,,https://www.eurofins-viracor.com/media/pgonfbxk/mm-0273-rev8-1121cmv-avr-mutations-references-final.pdf
UL97,del600,,,R,,,https://www.eurofins-viracor.com/media/pgonfbxk/mm-0273-rev8-1121cmv-avr-mutations-references-final.pdf
UL97,del600-601,,,R,,,https://www.eurofins-viracor.com/media/pgonfbxk/mm-0273-rev8-1121cmv-avr-mutations-references-final.pdf
UL97,del601,,,R,,,https://www.eurofins-viracor.com/media/pgonfbxk/mm-0273-rev8-1121cmv-avr-mutations-references-final.pdf
UL97,del601-602,,,R,,,https://www.eurofins-viracor.com/media/pgonfbxk/mm-0273-rev8-1121cmv-avr-mutations-references-final.pdf
UL97,del601-603,,,R,,,https://www.eurofins-viracor.com/media/pgonfbxk/mm-0273-rev8-1121cmv-avr-mutations-references-final.pdf
UL97,A590fs,,,R,,,https://www.eurofins-viracor.com/media/pgonfbxk/mm-0273-rev8-1121cmv-avr-mutations-references-final.pdf
UL97,A588fs,,,R,,,https://www.eurofins-viracor.com/media/pgonfbxk/mm-0273-rev8-1121cmv-avr-mutations-references-final.pdf
UL97,H587fs,,,R,,,https://www.eurofins-viracor.com/media/pgonfbxk/mm-0273-rev8-1121cmv-avr-mutations-references-final.pdf
UL97,G589fs,,,R,,,https://www.eurofins-viracor.com/media/pgonfbxk/mm-0273-rev8-1121cmv-avr-mutations-references-final.pdf
UL97,A591fs,,,R,,,https://www.eurofins-viracor.com/media/pgonfbxk/mm-0273-rev8-1121cmv-avr-mutations-references-final.pdf
UL97,C592fs,,,R,,,https://www.eurofins-viracor.com/media/pgonfbxk/mm-0273-rev8-1121cmv-avr-mutations-references-final.pdf
UL97,R593fs,,,R,,,https://www.eurofins-viracor.com/media/pgonfbxk/mm-0273-rev8-1121cmv-avr-mutations-references-final.pdf
UL97,A594fs,,,R,,,https://www.eurofins-viracor.com/media/pgonfbxk/mm-0273-rev8-1121cmv-avr-mutations-references-final.pdf
UL97,L595fs,,,R,,,https://www.eurofins-viracor.com/media/pgonfbxk/mm-0273-rev8-1121cmv-avr-mutations-references-final.pdf
UL97,E596fs,,,R,,,https://www.eurofins-viracor.com/media/pgonfbxk/mm-0273-rev8-1121cmv-avr-mutations-references-final.pdf
UL97,N597fs,,,R,,,https://www.eurofins-viracor.com/media/pgonfbxk/mm-0273-rev8-1121cmv-avr-mutations-references-final.pdf
UL97,G598fs,,,R,,,https://www.eurofins-viracor.com/media/pgonfbxk/mm-0273-rev8-1121cmv-avr-mutations-references-final.pdf
UL97,K599fs,,,R,,,https://www.eurofins-viracor.com/media/pgonfbxk/mm-0273-rev8-1121cmv-avr-mutations-references-final.pdf
UL97,L600fs,,,R,,,https://www.eurofins-viracor.com/media/pgonfbxk/mm-0273-rev8-1121cmv-avr-mutations-references-final.pdf
UL97,T601fs,,,R,,,https://www.eurofins-viracor.com/media/pgonfbxk/mm-0273-rev8-1121cmv-avr-mutations-references-final.pdf
UL97,H602fs,,,R,,,https://www.eurofins-viracor.com/media/pgonfbxk/mm-0273-rev8-1121cmv-avr-mutations-references-final.pdf
UL97,C603fs,,,R,,,https://www.eurofins-viracor.com/media/pgonfbxk/mm-0273-rev8-1121cmv-avr-mutations-references-final.pdf
UL97,S604fs,,,R,,,https://www.eurofins-viracor.com/media/pgonfbxk/mm-0273-rev8-1121cmv-avr-mutations-references-final.pdf
UL97,D605fs,,,R,,,https://www.eurofins-viracor.com/media/pgonfbxk/mm-0273-rev8-1121cmv-avr-mutations-references-final.pdf
UL97,A606fs,,,R,,,https://www.eurofins-viracor.com/media/pgonfbxk/mm-0273-rev8-1121cmv-avr-mutations-references-final.pdf
UL97,C607fs,,,R,,,https://www.eurofins-viracor.com/media/pgonfbxk/mm-0273-rev8-1121cmv-avr-mutations-references-final.pdf
UL97,C603R,,,R,,,https://www.eurofins-viracor.com/media/pgonfbxk/mm-0273-rev8-1121cmv-avr-mutations-references-final.pdf
UL97,L608fs,,,R,,,https://www.eurofins-viracor.com/media/pgonfbxk/mm-0273-rev8-1121cmv-avr-mutations-references-final.pdf
UL97,C603W,,,R,,,https://www.eurofins-viracor.com/media/pgonfbxk/mm-0273-rev8-1121cmv-avr-mutations-references-final.pdf
UL97,C603Y,,,R,,,https://www.eurofins-viracor.com/media/pgonfbxk/mm-0273-rev8-1121cmv-avr-mutations-references-final.pdf
UL97,C603S,,,R,,,doi: 10.1097/TP.0000000000005374
UL97,A606D,,,R,,,https://www.eurofins-viracor.com/media/pgonfbxk/mm-0273-rev8-1121cmv-avr-mutations-references-final.pdf
UL97,C607F,,,R,,,https://www.eurofins-viracor.com/media/pgonfbxk/mm-0273-rev8-1121cmv-avr-mutations-references-final.pdf
UL97,C607Y,,,R,,,https://www.eurofins-viracor.com/media/pgonfbxk/mm-0273-rev8-1121cmv-avr-mutations-references-final.pdf
UL97,I610T,,,R,,,https://www.eurofins-viracor.com/media/pgonfbxk/mm-0273-rev8-1121cmv-avr-mutations-references-final.pdf
UL97,A613V,,,R,,,https://www.eurofins-viracor.com/media/pgonfbxk/mm-0273-rev8-1121cmv-avr-mutations-references-final.pdf
UL97,del617,,,R,R,,doi: 10.1097/TP.0000000000005374
UL56,C25F,,,,,R,https://www.eurofins-viracor.com/media/pgonfbxk/mm-0273-rev8-1121cmv-avr-mutations-references-final.pdf
UL56,Q204R,,,,,R,https://www.eurofins-viracor.com/media/pgonfbxk/mm-0273-rev8-1121cmv-avr-mutations-references-final.pdf
UL56,S229F,,,,,R,https://www.eurofins-viracor.com/media/pgonfbxk/mm-0273-rev8-1121cmv-avr-mutations-references-final.pdf
UL56,V231A,,,,,R,https://www.eurofins-viracor.com/media/pgonfbxk/mm-0273-rev8-1121cmv-avr-mutations-references-final.pdf
UL56,V231L,,,,,R,https://www.eurofins-viracor.com/media/pgonfbxk/mm-0273-rev8-1121cmv-avr-mutations-references-final.pdf
UL56,N232Y,,,,,R,https://www.eurofins-viracor.com/media/pgonfbxk/mm-0273-rev8-1121cmv-avr-mutations-references-final.pdf
UL56,Q234R,,,,,R,doi: 10.1016/j.antiviral.2022.105422
UL56,V236A,,,,,R,https://www.eurofins-viracor.com/media/pgonfbxk/mm-0273-rev8-1121cmv-avr-mutations-references-final.pdf
UL56,V236L,,,,,R,https://www.eurofins-viracor.com/media/pgonfbxk/mm-0273-rev8-1121cmv-avr-mutations-references-final.pdf
UL56,V236M,,,,,R,https://www.eurofins-viracor.com/media/pgonfbxk/mm-0273-rev8-1121cmv-avr-mutations-references-final.pdf
UL56,E237D,,,,,R,https://www.eurofins-viracor.com/media/pgonfbxk/mm-0273-rev8-1121cmv-avr-mutations-references-final.pdf
UL56,E237G,,,,,R,https://www.eurofins-viracor.com/media/pgonfbxk/mm-0273-rev8-1121cmv-avr-mutations-references-final.pdf
UL56,L241P,,,,,R,https://www.eurofins-viracor.com/media/pgonfbxk/mm-0273-rev8-1121cmv-avr-mutations-references-final.pdf
UL56,T244K,,,,,R,https://www.eurofins-viracor.com/media/pgonfbxk/mm-0273-rev8-1121cmv-avr-mutations-references-final.pdf
UL56,L254F,,,,,R,https://www.eurofins-viracor.com/media/pgonfbxk/mm-0273-rev8-1121cmv-avr-mutations-references-final.pdf
UL56,L257F,,,,,R,https://www.eurofins-viracor.com/media/pgonfbxk/mm-0273-rev8-1121cmv-avr-mutations-references-final.pdf
UL56,L257I,,,,,R,https://www.eurofins-viracor.com/media/pgonfbxk/mm-0273-rev8-1121cmv-avr-mutations-references-final.pdf
UL56,K258E,,,,,R,https://www.eurofins-viracor.com/media/pgonfbxk/mm-0273-rev8-1121cmv-avr-mutations-references-final.pdf
UL56,F261L,,,,,R,https://www.eurofins-viracor.com/media/pgonfbxk/mm-0273-rev8-1121cmv-avr-mutations-references-final.pdf
UL56,Y321C,,,,,R,https://www.eurofins-viracor.com/media/pgonfbxk/mm-0273-rev8-1121cmv-avr-mutations-references-final.pdf
UL56,C325F,,,,,R,https://www.eurofins-viracor.com/media/pgonfbxk/mm-0273-rev8-1121cmv-avr-mutations-references-final.pdf
UL56,C325W,,,,,R,https://www.eurofins-viracor.com/media/pgonfbxk/mm-0273-rev8-1121cmv-avr-mutations-references-final.pdf
UL56,C325R,,,,,R,https://www.eurofins-viracor.com/media/pgonfbxk/mm-0273-rev8-1121cmv-avr-mutations-references-final.pdf
UL56,C325Y,,,,,R,https://www.eurofins-viracor.com/media/pgonfbxk/mm-0273-rev8-1121cmv-avr-mutations-references-final.pdf
UL56,L328V,,,,,R,https://www.eurofins-viracor.com/media/pgonfbxk/mm-0273-rev8-1121cmv-avr-mutations-references-final.pdf
UL56,M329T,,,,,R,https://www.eurofins-viracor.com/media/pgonfbxk/mm-0273-rev8-1121cmv-avr-mutations-references-final.pdf
UL56,V363I,,,,,R,doi: 10.1016/j.antiviral.2022.105422
UL56,A365S,,,,,R,https://www.eurofins-viracor.com/media/pgonfbxk/mm-0273-rev8-1121cmv-avr-mutations-references-final.pdf
UL56,N368D,,,,,R,https://www.eurofins-viracor.com/media/pgonfbxk/mm-0273-rev8-1121cmv-avr-mutations-references-final.pdf
UL56,R369G,,,,,R,https://www.eurofins-viracor.com/media/pgonfbxk/mm-0273-rev8-1121cmv-avr-mutations-references-final.pdf
UL56,R369M,,,,,R,https://www.eurofins-viracor.com/media/pgonfbxk/mm-0273-rev8-1121cmv-avr-mutations-references-final.pdf
UL56,R369S,,,,,R,https://www.eurofins-viracor.com/media/pgonfbxk/mm-0273-rev8-1121cmv-avr-mutations-references-final.pdf
UL56,R369T,,,,,R,https://www.eurofins-viracor.com/media/pgonfbxk/mm-0273-rev8-1121cmv-avr-mutations-references-final.pdf
UL56,R369K,,,,,R,doi: 10.1016/j.antiviral.2022.105422
UL89,N320H,,,,,R,https://pmc.ncbi.nlm.nih.gov/articles/PMC5655092/pdf/e01325-17.pdf
UL89,D344E,,,,,R,https://pmc.ncbi.nlm.nih.gov/articles/PMC5655092/pdf/e01325-17.pdf
UL89,T350M,,,,,R,https://pmc.ncbi.nlm.nih.gov/articles/PMC5655092/pdf/e01325-17.pdf
UL89,M359I,,,,,R,https://pmc.ncbi.nlm.nih.gov/articles/PMC5655092/pdf/e01325-17.pdf
UL89,N320H,,,,,R,https://pmc.ncbi.nlm.nih.gov/articles/PMC5655092/pdf/e01325-17.pdf
UL89,V362M,,,,,R,https://pmc.ncbi.nlm.nih.gov/articles/PMC5655092/pdf/e01325-17.pdf
UL89,H389N,,,,,R,https://pmc.ncbi.nlm.nih.gov/articles/PMC5655092/pdf/e01325-17.pdf
UL89,C347S,,,,,R,https://pmc.ncbi.nlm.nih.gov/articles/PMC5655092/pdf/e01325-17.pdf
UL89,R351H,,,,,R,https://pmc.ncbi.nlm.nih.gov/articles/PMC5655092/pdf/e01325-17.pdf
UL89,N405D,,,,,R,https://pmc.ncbi.nlm.nih.gov/articles/PMC5655092/pdf/e01325-17.pdf
UL89,N329S,,,,,R,https://pmc.ncbi.nlm.nih.gov/articles/PMC5655092/pdf/e01325-17.pdf
